t,x,y,z,n_markers,reproj_err,x_kal,y_kal,z_kal
0.068,0.13815506779112557,1.0697230824664676,0.501094484264224,1,1.0708,0.13815506779112557,1.0697230824664676,0.501094484264224
0.1303,0.1300699913448878,1.0936498243569,0.49561436131347636,1,0.9721,0.1300776236885242,1.0936272374194207,0.4956195345708732
0.1965,0.13390383437189263,1.085305078687234,0.5013259936663574,1,1.2831,0.13148142222585,1.090573920385307,0.49771317749711635
0.2693,0.16160706688972085,1.0667287073181704,0.5019796702036897,1,1.2971,0.13953601230412074,1.0841985077185319,0.49885389498903426
0.3306,0.16338974080569046,1.0617046857317154,0.5075599114660231,1,1.3734,0.14421129596203466,1.0797897630507092,0.5005602570178348
0.395,0.16972417574906695,1.0598686905837966,0.5100947590450313,1,1.3244,0.14875139065254198,1.0762447475098837,0.5022569507032065
0.4693,0.1678715572598694,1.0725051143181774,0.5045436426895671,1,1.2049,0.1522235955319987,1.0755656335208537,0.5026722118897807
0.5335,0.15794901395150088,1.0910195760284904,0.49842661946353534,1,1.3371,0.15298358349506894,1.0776169788422327,0.502108654975048
0.6048,0.14932927742658608,1.0879328987598318,0.5013195524136647,1,0.9139,0.15214873024579662,1.0799737270458707,0.5019283786585507
0.6702,0.14417735789009725,1.0868006213697514,0.5024589922158029,1,0.8837,0.15051831575840785,1.0813700571773528,0.5020369070263581
0.7351,0.1354220037254337,1.0868171132309927,0.5026303632320189,1,1.0808,0.1486028347846999,1.0820612016244653,0.5021122071439093
0.8028,0.14121181139870953,1.0828279693491678,0.5034439536785419,1,1.2724,0.14794490114075157,1.0821294577044192,0.5022307564711929
0.8709,0.15429097931552976,1.0680817160624914,0.5045485104953945,1,1.2878,0.1484845326311639,1.0809349240805994,0.5024278440304764
0.9336,0.1584555180099693,1.0676582848924607,0.5037415423450446,1,1.0598,0.1496663196114997,1.0793613424596185,0.5025835469530326
1.0015,0.15498577468938576,1.0728453158141011,0.5011101496296679,1,1.2318,0.15012482150248424,1.0787997040032482,0.5024565498360267
1.0734,0.15209585575364234,1.0734299870806279,0.5009362221532848,1,1.1178,0.15032442206781355,1.0782559293160332,0.502302590936133
1.1319,0.1524268241876929,1.0780998490563092,0.499583509165338,1,1.1842,0.15051095064168815,1.0782420816186868,0.5020613495293826
1.2016,0.14971581715795793,1.0778980715954598,0.5016175216443245,1,1.1486,0.15043742719372818,1.0782102721130404,0.5020203101855769
1.2721,0.1530839460626175,1.076136092498242,0.5012205150559395,1,1.0728,0.15070971415080092,1.0779968702505505,0.5019380233049918
1.3346,0.15205019564465885,1.0747689051506428,0.5021532989179743,1,1.1038,0.15083751617694324,1.077689114804485,0.5019585477655265
1.4096,0.14518347183505,1.0737989639652967,0.5058795451240986,1,0.901,0.1500770815718585,1.07716591315656,0.502485898082858
1.4698,0.13811995019733758,1.057333491680035,0.5141117714256878,1,1.0404,0.14889110948077738,1.0751988277718636,0.5036390142348157
1.5324,0.13591216330858172,1.0616430227207505,0.5155026902653136,1,0.9763,0.14746811140604463,1.073712583493379,0.5049397352584392
1.604,0.13487583581681561,1.0569312272229363,0.5169621097158933,1,0.9623,0.14608252241379313,1.07186604969108,0.5062626152725347
1.6666,0.14352158284122854,1.054634567549432,0.5151611571265668,1,0.9212,0.1457841875536574,1.0698586802592773,0.5072992446674157
1.735,0.13957867570198468,1.0624944154880644,0.5127297079588514,1,1.0604,0.1452363979896219,1.0692086021537335,0.5077786170689244
1.8086,0.1382572935554988,1.0636379586714855,0.5129503731221948,1,0.9323,0.14445703843672605,1.0685865260328433,0.508356149261401
1.8747,0.13565993727023543,1.0608244277299508,0.5134574956017262,1,0.7907,0.14317086393509565,1.0674516734572748,0.5091019883125539
1.9395,0.12716246667155032,1.0674550198108934,0.5131372530634561,1,0.9007,0.1413923609101248,1.0674520452309093,0.5095502986866587
2.0088,0.12978233847337708,1.0635948874030396,0.512027285698745,1,1.0177,0.14036885731940424,1.0671120101527423,0.509768662183788
2.0621,0.133159933009363,1.062350642973514,0.5110560321590346,1,0.8471,0.13947691529389827,1.0665228981988126,0.5099279452243517
2.1234,0.1269019582568046,1.0686422186318103,0.5112902242982089,1,0.7523,0.1376083226372489,1.0668378214694452,0.5101303749158574
2.1693,0.1208137512100602,1.0758259697794592,0.5095615663018873,1,0.7496,0.13519924180725487,1.068127117590199,0.5100487827219874
2.2405,0.11943864188178109,1.0729644407426218,0.5109774304149252,1,0.6714,0.13256162274002467,1.0689366689931605,0.5102041967844733
2.3092,0.12664998346463863,1.0664394984366987,0.5118138915509621,1,0.608,0.13145186885154003,1.068467891280897,0.5105063743942984
2.3771,0.12446505822831781,1.0615433706257518,0.5146267968391959,1,0.9171,0.13084916317670064,1.0678705589472386,0.5108618158287664
2.4407,0.12534844930262257,1.0632119958774162,0.5148299513199123,1,0.8894,0.13032937050410817,1.067430345730566,0.5112367867506084
2.5105,0.12637200692418227,1.067153920917827,0.5136095620264896,1,0.7461,0.1298064291101756,1.0673938178821711,0.511550334491471
2.5757,0.12435784996951435,1.0636012882322594,0.5157450367792269,1,0.817,0.12920024995180518,1.0669718817458083,0.5120170141590986
2.6438,0.12867582888984846,1.064048373351842,0.5143306623567374,1,0.7588,0.12913331302487982,1.0665987261234875,0.5123123274322889
2.7102,0.12893720442295578,1.0662320064612905,0.5123213081743124,1,0.7122,0.1291055945474369,1.0665468930545412,0.5123135967926982
2.7792,0.12951611078118658,1.068988480709532,0.5097168548347129,1,0.7385,0.12915908224855563,1.066865016675506,0.5119752575351675
2.8433,0.12402473747465408,1.064788591296434,0.5127641705048981,1,0.7619,0.128530008148639,1.0666106073041246,0.5120719173307599
2.9152,0.11825927711371421,1.0694720653435181,0.5129551640466311,1,0.8403,0.12747153296245667,1.06690550182728,0.5121629424709225
2.9766,0.12024675433238911,1.0697179002015444,0.5118467282707941,1,0.732,0.12650483093236425,1.0672818111035969,0.5121206318445546
3.047,0.1182261819044807,1.065623303435731,0.5156611640463312,1,0.6624,0.12520562364228086,1.067021533702599,0.512676264198557
3.1043,0.12214463978679638,1.0669304995069748,0.5133860594110923,1,0.6642,0.1247413945554965,1.0670077274483043,0.512783911804319
3.1785,0.11920706150858469,1.0705229615182756,0.5132158522171418,1,0.7342,0.124050369755445,1.0674466446402668,0.5128378445067558
3.2459,0.1250292839421994,1.0672044976969879,0.5128932909656614,1,0.8094,0.1241536808129346,1.0674210893289673,0.512843696125193
3.3151,0.12228596164778266,1.0646916880310606,0.5136332478036358,1,0.693,0.12388943514804397,1.0670349325265018,0.5129554022168412
3.3789,0.12381027177882979,1.0641669559566709,0.5130055347043747,1,0.5961,0.12387519501035824,1.0665190325384233,0.5129644201948794
3.4466,0.12143490728080487,1.0689924683187033,0.5128657985655304,1,0.6173,0.12347864032361253,1.06692097389114,0.5129483938595997
3.5121,0.12107346675033692,1.0664244704596773,0.5127721807945369,1,0.7004,0.12317115428726788,1.0668574991075035,0.512925866147866
3.579,0.12058351266981031,1.0666798778833821,0.5122783358719751,1,0.7002,0.12283691798493145,1.066834556416844,0.5128422270057202
3.648,0.1178428618927017,1.0724355674881993,0.5126361155468564,1,0.6362,0.12207091101042396,1.0676936604128178,0.5128106128604043
3.7196,0.11551074558356803,1.071407230144637,0.5136607863506445,1,0.6101,0.12100659503876297,1.068296146984463,0.512948544324852
3.7784,0.11284667120106645,1.0701595523282177,0.5146158268397291,1,0.6025,0.11968139134806251,1.0685987713334069,0.5132193175558408
3.8521,0.11293794217321906,1.0670000974700065,0.5148646895153732,1,0.6875,0.11882279990083637,1.0683952245029302,0.5134288100952419
3.9176,0.11773468614334714,1.064671043572458,0.5140105676256297,1,0.6651,0.11867382334079947,1.0678853369473709,0.5135084600721457
3.982,0.11030469505400846,1.0680747230781262,0.5159311631773537,1,0.5976,0.11729281433139191,1.067916587986173,0.5139082358553289
4.0478,0.112103722745115,1.0676423329227231,0.5140903437738237,1,0.7173,0.11667985810973314,1.0678841918827957,0.5139297471699393
4.1201,0.11899318243249046,1.0704356025880417,0.5114421165540823,1,0.7089,0.11696543395426477,1.06819915907513,0.5136226535181684
4.1836,0.11177173278574902,1.068819471480824,0.5145601657049871,1,0.655,0.11621870128716284,1.0682883454803758,0.5137574458277351
4.2528,0.11260536288628585,1.0716689923227445,0.5132772448369699,1,0.6766,0.11572953631875624,1.0687460092312826,0.5136924373850109
4.3185,0.11568485782472054,1.0660165867772542,0.5136996252626199,1,0.6452,0.11572294903688021,1.068343590227431,0.5136934971471386
4.3846,0.11262182845527235,1.0704790631891528,0.5133683595765919,1,0.6924,0.11532112342580791,1.068620292698422,0.5136513676653821
4.4494,0.11304290574133852,1.0678197263670204,0.5128967917991328,1,0.5908,0.11493105388821817,1.0684832221538343,0.5135221714690613
4.5184,0.10973261358389065,1.0701485658615577,0.5131666088472197,1,0.6692,0.11423022622584462,1.0687077354442458,0.5134742362987978
4.5856,0.1135835014652289,1.0708142199361217,0.5115775449587423,1,0.669,0.11414236451759507,1.0689939148781076,0.5132165586106872
4.6497,0.11392066946729168,1.0700213966539573,0.512194476633562,1,0.659,0.11411128378567817,1.0691379635863714,0.513073266931939
4.7182,0.1106130366941199,1.0703863961795674,0.5125094601082523,1,0.5576,0.11346191466737322,1.06936970638529,0.5129686091618018
4.7901,0.10831417979080529,1.0699245991447277,0.5125562781052655,1,0.4673,0.11224323893451621,1.0695010718026006,0.5128709938291257
4.8525,0.10654343417228715,1.0725116807911113,0.5132031970720681,1,0.6826,0.11157678086199178,1.0698530916957911,0.512909837182927
4.9208,0.11561485320660003,1.0672575003270386,0.5105800762939962,1,0.5565,0.11227260577773072,1.069405829489638,0.5125083818508063
4.9828,0.11212546253326448,1.0724413777511017,0.5103119356073293,1,0.6297,0.11225233199216368,1.0698240753612347,0.5122057496755316
5.0504,0.10917750265220881,1.075078100898274,0.5110268140718667,1,0.644,0.11183774194689505,1.0705324940877439,0.5120467896451517
5.1214,0.10891280971440884,1.0731708765058978,0.5119751690506649,1,0.7764,0.11154938390989129,1.070792602259316,0.5120397288408685
5.1864,0.10896408784247284,1.0722122906251723,0.5119073938993702,1,0.5818,0.1111094576457739,1.0710341831779864,0.5120172100983696
5.2518,0.10880709350370171,1.0769988671893713,0.5095785392751931,1,0.6075,0.11075301695273036,1.0719576062212632,0.5116396670753378
5.321,0.10895974912574889,1.074421917465681,0.5112377890230896,1,0.4882,0.11035893268654766,1.0724991573904696,0.5115513513118293
5.3897,0.11296881561208208,1.0695659827424149,0.5111464838307856,1,0.736,0.1106284565420687,1.072196247044444,0.5115095404538025
5.4542,0.10982476075660189,1.071069971888247,0.5114434924915107,1,0.6467,0.11051898286430886,1.0720428339175518,0.5115005438739132
5.5213,0.11229463319433389,1.0761199345014643,0.5095246514863018,1,0.4516,0.1109578234534573,1.0730504631742852,0.5110122147446858
5.5883,0.11730653707695465,1.0701586660076488,0.5094859578475208,1,0.658,0.11173525995489987,1.0726963459774108,0.5108253158084914
5.6573,0.10971113420734858,1.074429282363831,0.5110442386840643,1,0.6175,0.11144819101399323,1.0729421173746228,0.5108563642540275
5.721,0.10826502631628808,1.0778390977657883,0.5103192650519273,1,0.4461,0.11067291587564257,1.0741348006036742,0.5107255511489072
5.7891,0.11127570681335193,1.0812243018038217,0.5093126561201556,1,0.5132,0.11078241958553466,1.0754226877203097,0.5104688829781409
5.8551,0.11191786518417074,1.0747654661987314,0.5107992980083378,1,0.6266,0.1109282110309468,1.075338300343493,0.5105113083351075
5.9241,0.11109729338143842,1.0744623231591042,0.511731080996107,1,0.6025,0.1109523353708532,1.0752133176277632,0.5106853431187317
5.9909,0.11067614512635718,1.0833956275839896,0.5083060754798826,1,0.4858,0.11089502486910736,1.0769111773399587,0.5101916362449829
6.0575,0.11077630514441925,1.076447907675564,0.5088616155754155,1,0.467,0.11086975217863253,1.0768125579162244,0.5099085055285377
6.1247,0.10716070645297979,1.0788692531244561,0.5098526681035667,1,0.606,0.11037576024652632,1.0770864803520255,0.5099010687807903
6.1907,0.108020695467689,1.072939272946003,0.5109664170884647,1,0.7029,0.11012488985464122,1.0766447041611849,0.5100145537047899
6.2599,0.1094016431603766,1.081559494072674,0.5088737219682723,1,0.5812,0.11001176753608767,1.0774134217155134,0.5098361173121485
6.3228,0.10996869389167825,1.0832246587639953,0.5079849038278293,1,0.5007,0.11000313611730743,1.0785779208259185,0.5094651573190051
6.3923,0.10167079517685472,1.0835289928954348,0.5085844685071353,1,0.4736,0.10823900860391472,1.079626164353283,0.5092786974303783
6.4572,0.10091493444444735,1.0803567493143698,0.508957394415906,1,0.5038,0.10688630833504754,1.0797610977867484,0.509219355230313
6.5266,0.10381642983616846,1.083763212060327,0.5062414885997257,1,0.4849,0.10628847420421991,1.0805404773319296,0.5086394396703103
6.5929,0.10378827211246938,1.075468000475235,0.5091139458765701,1,0.6102,0.10596266086302857,1.0798794585133915,0.5087012748527492
6.6593,0.10558044470536507,1.0791608838326454,0.5068019473575704,1,0.6467,0.10591573700344398,1.0797912406378667,0.5084680984814682
6.7256,0.10582130659425353,1.0771118870154566,0.5077212465779055,1,0.7494,0.10590643826335225,1.0795273996446717,0.5083945545691017
6.7947,0.10544679728434292,1.0708822492366323,0.5109226243121776,1,0.722,0.1058552650501808,1.0785649090380174,0.5086760121801126
6.8627,0.1076108419578827,1.0744075735599483,0.5095220212830351,1,0.5103,0.10621888371720169,1.0777038332410744,0.5088512393096919
6.9281,0.11174638091922531,1.0783929508591286,0.506489143446013,1,0.6289,0.10698817532377938,1.0777997414577842,0.5085224936847832
6.9987,0.11294440314679427,1.0770012776955538,0.5059644887763122,1,0.603,0.1078919559402997,1.077678584898173,0.5081343494898438
7.0618,0.10210683900742931,1.077669026193383,0.5094566923159032,1,0.6206,0.10705472183924265,1.0776772015426237,0.5083257216816442
7.1336,0.10563410566781527,1.0831377877537751,0.5076979995335514,1,0.6319,0.10685391489036647,1.0784490663701478,0.5082369918953474
7.1939,0.1033614899037833,1.0761766850530445,0.5095968975766976,1,0.6201,0.10633935200878741,1.0781142608745202,0.5084373561089697
7.2622,0.10530883872801991,1.0741908244115148,0.5088479380508376,1,0.4137,0.10605046981960393,1.0770144100179537,0.5085524539077265
7.3301,0.10456389363315326,1.0744551798915616,0.5080564577986013,1,0.6281,0.10586001666340655,1.076686533478931,0.5084889092167073
7.3983,0.09955905089085157,1.0773338332729003,0.509402372368318,1,0.5589,0.10483713182284923,1.0767916146951204,0.5086371988034021
7.4633,0.10044930114207797,1.0783055735370126,0.5097296541054313,1,0.5198,0.10403207325401591,1.0770693887541487,0.5088376373722421
7.5296,0.10266805815844766,1.077445389515918,0.5094762305921526,1,0.6016,0.10383929991556502,1.0771225281382668,0.508927888387289
7.5912,0.09892132873262054,1.0724594051838663,0.5119040658425325,1,0.5363,0.10297707751784349,1.0763049859231848,0.5094496740517525
7.6661,0.10222617871015516,1.0746074747452794,0.5106227765476021,1,0.3118,0.10268927063823376,1.0756543584481997,0.5098993045017358
7.738,0.10720374883854959,1.0803481448259515,0.5074372694852181,1,0.4122,0.10367187153216825,1.076675986748541,0.5093634291024574
7.7982,0.09568124013471523,1.081915030086453,0.5095470067036932,1,0.5023,0.10241739592523987,1.0774984814606792,0.5093922495562205
7.8698,0.09362006800316866,1.0738905503095175,0.513581222534741,1,0.501,0.10096551457045592,1.0769030406615958,0.5100835835404806
7.9388,0.09941841117942658,1.0732327988743462,0.5128592404268039,1,0.5753,0.10075744968029236,1.0764094418117933,0.5104568725840786
7.9804,0.10170091113276619,1.0727510539965361,0.5124917071489792,1,0.471,0.10094354307589433,1.0756878417833184,0.5108582342641744
8.0152,0.09533749458459316,1.0785039406752053,0.5138666842577091,1,0.4668,0.09983435727584582,1.0762450215699828,0.5114534717149676
8.0565,0.10314594747479629,1.0728177572536128,0.5111599978222401,1,0.4619,0.10049459502640562,1.0755617216606126,0.5113949612921369
8.1298,0.1041461006636395,1.071343319831075,0.5100898615868152,1,0.4372,0.1012817175855978,1.0746523983365819,0.5111136325685609
8.1942,0.10083533114006953,1.0786928617872868,0.5104843700422584,1,0.4269,0.10118379587057219,1.0755387359809139,0.5109755941796399
8.2721,0.09825536184793451,1.076548473771287,0.511846656226186,1,0.42,0.10053726051717742,1.0757616644041217,0.5111679059762312
8.3298,0.1026676976884193,1.0803679190654212,0.5096199634934306,1,0.3748,0.10108780208180478,1.0769519997411763,0.5107678910459916
8.392,0.09996071140379117,1.0792415683340053,0.5108473768351499,1,0.544,0.10093534191275325,1.077261706867255,0.5107786429908783
8.469,0.10346713542914451,1.0799666432692605,0.5096831163416726,1,0.5007,0.10135660768975698,1.0777117819337085,0.5105963580288077
8.5353,0.10047122788668118,1.080761023715358,0.5095035470152872,1,0.5128,0.10121111847235653,1.0782128457697433,0.5104167828695694
8.6059,0.10175663482660151,1.0792947685861003,0.5100855131076643,1,0.5247,0.10129948204273531,1.0783880972762905,0.5103631232887105
8.6666,0.10322298662631019,1.0814493504758593,0.5089639888990901,1,0.5836,0.10156519298681477,1.0788109756435529,0.5101698483036989
8.7362,0.10292652959049742,1.0808748413201976,0.5086868944010932,1,0.6139,0.10174419806079059,1.0790823577742652,0.509974851509871
8.8013,0.10465885529005656,1.0842222766637872,0.5072656631807919,1,0.6957,0.10206351379086566,1.0796454623946832,0.5096780459573949
8.8682,0.09619339663597148,1.0878998527079569,0.5092578060432511,1,0.4572,0.10070370796431141,1.0815575823313839,0.5095806978689794
8.9408,0.09639124692872324,1.0832153195630954,0.5092128991749073,1,0.4442,0.09971854574929642,1.0819362849027527,0.5094966759211539
9.0069,0.1011409000139291,1.083442386721417,0.5070167875252626,1,0.4441,0.10002905808799792,1.0822650800627664,0.5089552946600475
9.0718,0.10232557433687914,1.075846852546823,0.5082494634703387,1,0.4921,0.10044181396016874,1.0811115236281343,0.5088284346961977
9.137,0.097671836523544,1.0758035952886842,0.5098619105233708,1,0.7353,0.10019233944703287,1.0806334717780595,0.5089215133889743
9.2053,0.10129094733972145,1.0810771438421745,0.5084679626196326,1,0.6657,0.10032084102054235,1.0806853670527434,0.5088684626254446
9.2688,0.09884796052993727,1.0812418688726777,0.5099728551275916,1,0.5917,0.10009978239737947,1.0807688901402492,0.5090342163899307
9.3386,0.1017263203977274,1.0804869510721968,0.5091815502968629,1,0.6075,0.10033553265796974,1.0807280259189709,0.5090555709521639
9.404,0.10889106307023104,1.081547056465226,0.5073168039705526,1,0.5062,0.10203434642313779,1.0808906552708668,0.5087103157616093
9.4753,0.10660477569192427,1.0793866675028458,0.5078326657675277,1,0.5679,0.10276011381581797,1.0806518275335086,0.5085709481638564
9.5377,0.10744754505385265,1.0820486897344528,0.5051256449416248,1,0.3849,0.10413069247321287,1.081060262222513,0.5075635607858126
9.6056,0.09894399284460792,1.0892254050514316,0.5064623978086003,1,0.4813,0.10316032088555877,1.0825878661282073,0.5073575459125836
9.6714,0.10509444190758968,1.0822457444492635,0.5074349345597184,1,0.7146,0.10334323795358216,1.0825555103998394,0.5073648648467511
9.7436,0.10381761385659108,1.0847071412881697,0.5067027177260106,1,0.5794,0.10341342532655343,1.0828738598747978,0.5072668953532956
9.8043,0.10379188289165345,1.0861120294111826,0.5052850699616234,1,0.5907,0.10346869782574815,1.083346784026928,0.506977456186354
9.8744,0.10192138770747347,1.0866494392763835,0.5056122302581759,1,0.4771,0.10314186735407976,1.0840443871513366,0.5066890864350221
9.9395,0.10269343930137823,1.0831682691398024,0.5061925891073819,1,0.6548,0.10308837063014804,1.083939867723722,0.50662985512621
10.0065,0.1032411689261846,1.0850509819613565,0.5055499603757151,1,0.4646,0.10312209821013017,1.0841851269660772,0.5063914870454502
10.0727,0.10047934800353217,1.085032525937585,0.5072318263107153,1,0.5664,0.10271951276582349,1.0843142161590693,0.5065195007925045
10.1444,0.10529287792526207,1.0813030909122632,0.5068920249350316,1,0.5719,0.10311208695523826,1.0838548604206675,0.5065763304121773
10.2095,0.10471505829095216,1.0839469796978711,0.5053701031673485,1,0.586,0.10335014070419783,1.0838685408520021,0.5063971962559194
10.2746,0.1058847548768043,1.08695704871006,0.5044128197040517,1,0.649,0.10367072702392277,1.0842591854630665,0.5061462057964691
10.3401,0.10411960765661125,1.087020570545893,0.5040454848298112,1,0.6306,0.1037323501767367,1.0846382734489257,0.5058578149867065
10.4073,0.10673823463799725,1.0889116607728044,0.5024855509051955,1,0.5358,0.10428442254428155,1.0854231402951853,0.5052384519208735
10.4746,0.1001987927127146,1.087534371917271,0.5045622174263211,1,0.6766,0.10379203024451644,1.0856775818957687,0.5051569534318571
10.5431,0.10277990235105984,1.0892854474180724,0.5027317220210245,1,0.6356,0.10365142401721403,1.0861787916371317,0.5048200368808786
10.6114,0.09934001258844734,1.0896987242225058,0.5039190488878573,1,0.6418,0.10305504120650374,1.0866656918839441,0.5046954062905088
10.6747,0.10446538591555084,1.0896032649331588,0.5024746837791021,1,0.7771,0.10319584462827003,1.0869589679421763,0.5044736978483148
10.7438,0.10237990565544902,1.1042667730670108,0.49718719981011006,1,0.2604,0.10278058426977157,1.0957675254450874,0.5007653398848732
10.8094,0.06361535471520638,1.1077407256176286,0.49995445928965815,1,0.4557,0.09586720000817787,1.0978810157673753,0.500622204527089
11.1482,0.07094903687256587,1.1082418666248883,0.5017068676111204,1,0.7881,0.09412614547952468,1.0986049377598592,0.5006979909148833
11.2118,0.1144267343216864,1.0992939794065093,0.49801027654672025,1,0.8705,0.09546260449645758,1.0986502997899397,0.5005210492443634
11.2824,0.14967994863674244,1.0919409515948384,0.49400714133653656,1,0.9207,0.09904016048418171,1.0982075804131475,0.5000912260833684
12.9529,0.1472815547506445,1.0675717698305502,0.5041633864188783,1,0.9631,0.10224167480707334,1.0961744512330116,0.5003614728255591
13.017,0.14440284545767124,1.070398074302433,0.5048144601522282,1,0.8392,0.10613013986126826,1.0937971324970366,0.5007721655397159
13.0897,0.14761865248048398,1.0691491935892448,0.5053997975510379,1,0.9207,0.10950061047058468,1.091794767301846,0.5011481081006857
13.1511,0.14378442193568133,1.0728069960936166,0.5091566687850343,1,1.017,0.11192966633241501,1.0904494572273404,0.5017155257956215
14.157,0.1482041714638912,1.0634834729245783,0.5098836291944329,1,0.7642,0.11645655374204039,1.0870842293796859,0.5027348666330107
14.4934,0.14910862075734643,1.0673555418861818,0.5112973472752768,1,0.9364,0.11927659102078904,1.085380336202988,0.5034743761592663
14.5626,0.14893652847507594,1.063804465225927,0.5108081349706542,1,0.7152,0.12353362803500571,1.0822835905842598,0.5045269772566736
14.6247,0.13802639373047967,1.0711949860677796,0.5121105136996313,1,0.7706,0.12531897309325254,1.0809175997380451,0.5054611833010518
14.6946,0.13648299080349696,1.068342955878585,0.5119877980745219,1,0.6858,0.12699603946037613,1.0790286281471182,0.5064416158309747
14.7616,0.1353036719101814,1.0685879443731867,0.5123142112465819,1,0.6247,0.1284188649151042,1.0772404808346232,0.5074473991625231
14.8257,0.14172336414921533,1.0687279350382437,0.5078608898701725,1,0.6072,0.1307133096039636,1.0757724386973364,0.5075187082393523
14.8919,0.13165693680415747,1.0856798486616812,0.5059028931091496,1,0.6793,0.13084310317699624,1.0771351782818963,0.5072964568893847
14.9623,0.12308867045258705,1.087680468135244,0.508656268685359,1,0.8172,0.13007460342971425,1.0781802647344234,0.5074312204573589
15.0297,0.1195431646805705,1.0700986316648564,0.5162115744339574,1,0.6875,0.1286126718689323,1.0770584052498378,0.5086500735408723
15.0945,0.12501302509793105,1.0653300682790718,0.5142606762931322,1,0.8284,0.12825544864083022,1.0758945037174104,0.5092068608464788
15.1606,0.12115599910959461,1.0803731432668324,0.5101802286649049,1,0.6879,0.12724965016770057,1.076529004857349,0.5093447605331037
15.228,0.12164866667800388,1.085996975682348,0.50820712039431,1,0.576,0.1261941460053106,1.078313241970984,0.50913037248786
15.2955,0.11919077893058429,1.0800326404592053,0.5115490349612294,1,0.6125,0.12505974750563625,1.0785917484443088,0.5095221450526468
15.3616,0.12059871886506592,1.069575427425277,0.5123380890686436,1,0.6272,0.1243795352397423,1.077216950691475,0.5099515167994076
15.429,0.11350150258892198,1.0716634081272485,0.5123344943417772,1,0.7603,0.12320465008387807,1.0766171386730143,0.5102088909985076
15.4966,0.11803860331463992,1.0842195050911556,0.5073152631085205,1,0.6311,0.12240970368220601,1.0777869836431142,0.5097636222695018
15.5623,0.12089065315184043,1.0820421423779252,0.5074704274087632,1,0.7292,0.12223014901471406,1.0782899515144797,0.5094925622668993
15.6288,0.11784600536205686,1.0840607922962036,0.507925805443553,1,0.6335,0.12155649380398281,1.0791766827146658,0.5092518188101113
15.6972,0.11403708729513687,1.0836818243299102,0.5079903604953312,1,0.7275,0.12065986986049772,1.079713881739119,0.5091014008579219
15.763,0.11323731789969514,1.0823873501904715,0.5090883610531,1,0.7202,0.11974275337072525,1.0800442104474353,0.5090997896842866
15.8287,0.11552129281903221,1.085794680738328,0.506762034081774,1,0.7193,0.11921397654429824,1.080764509830468,0.5088069642573232
15.8966,0.1147607108076183,1.0864267931197433,0.5066292492490113,1,0.5458,0.11832008914410366,1.0819010788088081,0.5083698396565811
15.9655,0.11335364750409337,1.0876044919403296,0.5064725723022665,1,0.614,0.11754431585730946,1.0827919692836585,0.508073480726371
16.0328,0.1117605834711555,1.0834580303418908,0.5079948217250463,1,0.6347,0.11669975944107476,1.0828892293404482,0.5080619947239373
16.1004,0.11165713310489951,1.0858211014615058,0.5066803282805132,1,0.6556,0.11600379253370048,1.0832938768072398,0.5078713016093683
16.1636,0.10774536403160186,1.0864724126831133,0.5074478121288527,1,0.7451,0.11508703647658089,1.0836467214212289,0.5078242906621535
16.2363,0.11233471228048647,1.0840183991298193,0.5064442419628216,1,0.6991,0.11473519893137904,1.0836942340553808,0.5076478750540936
16.2993,0.10884639915030908,1.088513738148317,0.5068615670287002,1,0.5901,0.1137206687087842,1.0845245446011598,0.5075124088664682
16.3659,0.1046332727709219,1.0927688748707478,0.5057482105210301,1,0.5938,0.1122156265222979,1.0858899593954419,0.5072202247299599
16.4344,0.10862462838941049,1.086735882743317,0.5068495716999619,1,0.5515,0.11155626859787661,1.0860452828576754,0.5071521676039197
16.5022,0.10781611075802741,1.090911227912596,0.5063230199925306,1,0.5191,0.11082177602662288,1.0870008576349988,0.5069893395129366
16.5686,0.10570409982923396,1.0881629719117945,0.5088805818418907,1,0.6964,0.1102340985467549,1.0871343065604806,0.5072065163101451
16.6362,0.11287966268944542,1.0842369964879608,0.50832665852154,1,0.8497,0.11045469309388882,1.0868927207327017,0.5072999169046954
16.7014,0.11951001616316748,1.0808934119600562,0.5076004977155213,1,0.6815,0.11164381521786954,1.086104906677304,0.5073393884165854
16.767,0.12378766937749827,1.0864534469649014,0.5040238412933336,1,0.8268,0.11278636247184705,1.0861376988817608,0.507027447148903
16.8351,0.12377029490601521,1.0920896681727406,0.5020125641418712,1,0.803,0.11392129534308522,1.0867526958910214,0.5065092761200656
16.9037,0.12585634314396366,1.0889931322089317,0.5021950467320249,1,0.6728,0.11564907641927204,1.0870770333831765,0.505884725299713
16.9693,0.12894621381154125,1.0914643185313189,0.49936739921883777,1,0.7558,0.11720190391234354,1.0875893765136566,0.5051236379452588
17.0342,0.11980293123336408,1.094586084807296,0.500201704998704,1,0.8618,0.11744543908385077,1.088244480956623,0.5046627955025058
17.1026,0.11906616371813994,1.0945596291302997,0.49975146011801197,1,0.7938,0.11762707018738462,1.0889522059504297,0.504112392771013
17.1739,0.12352601804399584,1.0941003239076552,0.4987049762903155,1,0.7601,0.11834948183739785,1.089582667598565,0.503450176261038
17.2345,0.12192171712428795,1.0952505065282085,0.4986925228254577,1,0.8147,0.1187369177226135,1.0901973875194573,0.5029341728283616
17.305,0.1272824382625559,1.0890880963774365,0.49943809690777713,1,0.8589,0.11959170729876403,1.0900864275725841,0.5025844680631132
17.3693,0.13222157265148493,1.0817111840829483,0.49995226479793126,1,0.7432,0.1212553469483775,1.0889832180960457,0.5022377472077831
17.4368,0.14116519998448543,1.0810291447780256,0.49690429302389993,1,1.0577,0.12262660462125786,1.0884353946616785,0.5018704145127932
17.5042,0.14159990291526955,1.0869884501503289,0.4959459228491242,1,1.0174,0.12409835044570827,1.0883231561615616,0.5014108557300829
17.5755,0.14258069798908102,1.0884982369016583,0.49597309375661647,1,1.1673,0.12524704984963256,1.088334037633264,0.5010728924966276
17.6359,0.14174221413757992,1.0867801416959018,0.49761589127446626,1,0.8931,0.12699739518744446,1.0881691496417334,0.5007060609897452
17.7101,0.14186703866030106,1.087541921399405,0.497556914415689,1,1.0537,0.1281653137742187,1.0881198847401437,0.5004587149909638
17.7735,0.1380747768692026,1.0912873615659902,0.49703132919204207,1,0.9511,0.1291268995446722,1.088427247572497,0.5001261313401134
17.8436,0.13293375152025225,1.0876580512976137,0.4996406558554842,1,0.9288,0.12951441908423256,1.0883489470270105,0.5000767122301827
17.9055,0.13729177882906338,1.0895771348752343,0.4960084145339587,1,0.7475,0.13067304395260562,1.0885319151589568,0.49947064139927855
17.9763,0.13318248011321274,1.0884683211993034,0.4976133530103749,1,0.9113,0.1309263888885674,1.0885254949089067,0.49928313529119905
18.0396,0.12771935964035408,1.0904032826512673,0.4994108230715073,1,0.8685,0.13057154898150117,1.0887332616538967,0.4992972632322284
18.107,0.12982104593521054,1.0849575083815368,0.5010585312858701,1,0.83,0.13048190103032695,1.0882822461028214,0.49950764755146326
18.1747,0.1247450409630137,1.0878709250591705,0.5015215315388403,1,0.7998,0.1297585498824166,1.0882303833162807,0.49976157483519246
18.2417,0.12289549520309732,1.0865534895310038,0.5014339146942971,1,0.8114,0.1289280093007924,1.088027452055374,0.4999639549974021
18.3047,0.12318434623467012,1.0941459503949322,0.49885305113531997,1,0.7777,0.12818627102483415,1.088817596664762,0.4998204925578526
18.3756,0.12074655605859119,1.0902706652120795,0.500370845467595,1,0.6862,0.12701369513524197,1.0890466152699425,0.4999072338585152
18.4374,0.11871884079173559,1.0978216524091131,0.4985154060452301,1,0.8268,0.1261038701862947,1.090009109291722,0.4997545705787607
18.5144,0.11893321029895945,1.0896407568624635,0.5012503761137647,1,0.8603,0.12536537942375414,1.0899711734712199,0.4999086203576532
18.578,0.12638736600166534,1.0859728920029168,0.4998623915741261,1,0.7281,0.1255083375153292,1.089411883652114,0.4999021537573947
18.6417,0.12115652641939877,1.0925737977976555,0.5003029980056405,1,0.7836,0.12498376481382104,1.0897930247009098,0.49995047201973447
18.7051,0.12285495900464344,1.0879429881961034,0.5009617568606305,1,0.6804,0.12465672570788319,1.0895088117013605,0.500105831277394
18.7753,0.12030176771010864,1.0881959013120226,0.5014565174856447,1,0.7193,0.12406649921321555,1.0893308732465448,0.5002888894805958
18.8442,0.12416054788911347,1.0906451400126704,0.4987228277010196,1,0.8867,0.12407519594542335,1.0894524042091605,0.50014407489615
18.9102,0.12630247849991585,1.0889582319021855,0.49851541136835237,1,0.8557,0.12430126728701939,1.0894022452402448,0.4999787639669214
18.9769,0.12369471594506862,1.0887351788224189,0.49885241723184526,1,0.7811,0.12422762245799943,1.0893212529335956,0.4998420078393114
19.0443,0.12516728018811227,1.0972881911231889,0.49466070791583344,1,0.6952,0.12436685073630815,1.0905017073181893,0.4990742990825704
19.1104,0.1088414806505898,1.0985245438021922,0.497844668798777,1,0.844,0.12277095511516789,1.0913263968130775,0.4989479019935031
19.1778,0.12252422527153865,1.1187457220163282,0.48946769460861034,1,0.764,0.12274016298137297,1.0947483563045026,0.497764762532523
19.2451,0.12038061575606261,1.1087789100830523,0.4960874997982186,1,0.8816,0.12251287725522128,1.0960998633096013,0.4976031985365053
19.3126,0.11966746842351791,1.0877409507955567,0.502664979429021,1,0.7877,0.12217050590331996,1.0950940844050123,0.49821225293596094
19.3803,0.12681091895580274,1.0993004412761525,0.49574232579142274,1,0.9472,0.12257055668300448,1.0954567151292387,0.4979993201067578
19.4449,0.12040829710598192,1.0971011306929614,0.4982532537606436,1,0.9162,0.12236674796769256,1.0956117132742544,0.498023255203322
19.5155,0.1151023219737624,1.0967535591650253,0.5006543212088128,1,0.7145,0.12128699778321671,1.0957814318882555,0.4984143245055863
19.5795,0.12018191602689421,1.0912461934080881,0.5004022214924508,1,0.7391,0.12113687454039437,1.0951653284156209,0.49868437650884984
19.6451,0.11543755038831874,1.0979044533637676,0.49921778491940705,1,0.8496,0.12054149701415141,1.0954514699636682,0.4987400987965248
19.7154,0.11357975303678544,1.0945605816438528,0.5006992894707021,1,0.8181,0.11975356408346954,1.0953506388720589,0.49896184077018657
19.7778,0.1173901458600078,1.0931846674839956,0.49984554879215715,1,0.6126,0.11931403902817164,1.0949478330187987,0.4991261840139545
19.8475,0.11292041036616521,1.0955303864995547,0.5010293090511884,1,0.7236,0.1184685115552237,1.0950248729906957,0.4993778633948667
19.9131,0.11476925335182256,1.0966441158475675,0.49964889933051887,1,0.6692,0.11791229574400998,1.0952683403102679,0.499418616017292
19.9801,0.11396306124845736,1.1001073364873446,0.4985695662285694,1,0.7117,0.11738917764693106,1.0959093168019842,0.49930615034570375
20.0482,0.11724014501040807,1.0968874456401867,0.49798294248251246,1,0.8054,0.11737334687416884,1.0960132171001404,0.49916559453532505
20.1185,0.10935119845271725,1.1003024414908462,0.4986576711031976,1,0.5539,0.11573252540490402,1.0968905196750898,0.49906170569802194
20.1851,0.11297485720043848,1.0993173545154877,0.49776730158670435,1,0.7641,0.11542691721098679,1.0971594645072884,0.49891825823685954
20.2471,0.11427026280655825,1.1013638715161296,0.49726867672074315,1,0.6755,0.11526420291977119,1.097750926489196,0.4986862006004821
20.316,0.10712390875469656,1.103195340173669,0.49922082377948296,1,0.7658,0.11435009944377267,1.0983622996623061,0.4987462353973044
20.3859,0.10641121611695915,1.1033708597227405,0.49885523722122793,1,0.793,0.11349546729475349,1.0989014783190176,0.49875796959960866
20.4555,0.11047516424818316,1.0995052112175998,0.49882674631177043,1,0.8779,0.11321889866305501,1.0989567620369418,0.4987642674713394
20.5172,0.11207183555495018,1.104437946584955,0.49616318134233306,1,0.6506,0.1130354564468603,1.0998333316291073,0.49834829297033173
20.5837,0.10888430700306645,1.1046148355998522,0.4974768384358725,1,0.78,0.112565356574458,1.1003748164484262,0.4982496044815166
20.6545,0.11807701860862696,1.0955401169416907,0.49959651485940165,1,0.7441,0.1132527433356865,1.0997718570480048,0.49841758436790656
20.7165,0.12832191202378607,1.0718523489791754,0.5050952325220465,1,0.7617,0.1150596685000375,1.0964240637655718,0.499218292803663
20.7873,0.1238799178877136,1.079371496870991,0.5044182705838884,1,0.7802,0.1160794801857381,1.0944524180415196,0.4998195227544926
20.8499,0.12651110413921246,1.088334009260389,0.49930696038258604,1,0.756,0.11736558750965269,1.0936980838765602,0.49975632931276076
20.9223,0.11883658018534805,1.0936137181372958,0.4997947550197273,1,0.7457,0.1175515430774143,1.0936874187799872,0.4997611868992557
20.9847,0.12254585774446103,1.0859458213084503,0.5014655203034781,1,0.7965,0.11811261223665737,1.0928177155525929,0.49995265439258096
21.0523,0.12115833143320963,1.0815482932843978,0.5032423632473583,1,0.8073,0.1184502985757591,1.0915682471334929,0.5003173924620451
21.1183,0.12663235495747055,1.087431830539539,0.4984234531177961,1,0.659,0.11975332978050801,1.0909095032131002,0.5000157736573917
21.1858,0.12405476330920667,1.0893506776696575,0.5003628168579802,1,0.8484,0.12017954433104545,1.0907550444439638,0.5000501609984418
21.2516,0.1281052723216956,1.082261450645798,0.5034128764657009,1,0.3915,0.12292728515806554,1.0878104323559794,0.5012159681760209
21.3227,0.1044735316835349,1.074487714458595,0.5123094436994168,1,0.4747,0.11888900595671148,1.0848949899954445,0.5036435800729008
21.3867,0.10591884652815167,1.0736035196550746,0.5128149580955156,1,0.3126,0.1139906061961367,1.0806305755203214,0.5071073058780897
21.4529,0.09654306255837079,1.071605259508403,0.5152190702704532,1,0.3491,0.10914111497359429,1.078122016625777,0.5093619459028867
21.5196,0.09301763172530457,1.067797587762615,0.5157991032531561,1,0.2387,0.10212579898524018,1.073629865037996,0.5121627484455809
21.5874,0.10158994124472062,1.0635136382454309,0.5159663343161528,1,0.2336,0.10191717904828952,1.0696914193721794,0.5136435590871063
21.6559,0.10059400950124692,1.0698871529546368,0.5133274668988378,1,0.2913,0.10156104648085897,1.0697441012853997,0.5135584825201581
21.723,0.09419204462011004,1.0759086866095688,0.5108926988794339,1,0.2044,0.09831792811705516,1.0724571525571789,0.5123852636714548
21.7866,0.09280832554381702,1.086861141727334,0.5072538886143108,1,0.3271,0.09716271461007253,1.075477276535743,0.5113093541668019
21.8551,0.09792786845839427,1.0813619752241845,0.5088718336854622,1,0.2167,0.09747533261761597,1.0778815809550557,0.5103134592916809
21.9229,0.09112996445331584,1.0792381918720189,0.5108475408178903,1,0.4383,0.09663872207981537,1.0780604444913295,0.5103838757310902
21.9892,0.0932658996041445,1.0866861202560263,0.5072873477635145,1,0.338,0.09584197313364158,1.0800980548681378,0.5096523947792287
22.0562,0.09318005937372324,1.0735202678001659,0.5103440578968153,1,0.3282,0.0951616796299214,1.0784169989757286,0.509829160057181
22.1233,0.09454834012220859,1.0882761905333564,0.5062176865234355,1,0.2732,0.0949564261738934,1.081716367621312,0.508620584032266
22.1909,0.09400476935048503,1.0878455839247574,0.5058730451575952,1,0.4413,0.09481151628635236,1.0826496704920525,0.5082022131032191
22.2563,0.08900747219800845,1.0872763845091922,0.507190850272588,1,0.5313,0.09409658721107395,1.0832195787014842,0.5080776357081703
22.3285,0.09343016316687842,1.07894352193515,0.5090147082104531,1,0.4393,0.09397109837358228,1.0824143895770382,0.5082540881335909
22.3923,0.09152016462182133,1.0801455115125538,0.5081139465935719,1,0.3219,0.09321380786654129,1.0817133507102663,0.5082107871435816
22.4562,0.09853550458138953,1.071571233978537,0.5079711799901689,1,0.476,0.09404640516031938,1.0801265825428021,0.5081732998010683
22.5139,0.09531291375955511,1.0805331488910221,0.5059409426657552,1,0.3672,0.09436561478968511,1.080229053140638,0.5076106586202621
22.5876,0.09499024195861297,1.0927721662197367,0.5016539689877919,1,0.3019,0.09456893481118374,1.0843119143221,0.5056717191626441
22.6596,0.09177399766817179,1.0842135243557152,0.5050253774767466,1,0.5618,0.0942568445188478,1.084300927830526,0.5055995468899313
22.7263,0.09045995880336936,1.0891230756703485,0.5052900111191533,1,0.3215,0.09310105615360109,1.0857688104022996,0.505505322868114
22.794,0.0950712497730743,1.0846234517968567,0.5052428388094102,1,0.3072,0.09370261076417247,1.0854191007377003,0.5054251792242842
22.8606,0.09262053627790479,1.0884683230483128,0.5037234748739001,1,0.4331,0.09351711833060183,1.0859418075144254,0.5051334679925933
22.9286,0.08990317805155086,1.0849761253683912,0.5049904319410531,1,0.3754,0.09268511590506537,1.0857194878783054,0.5051005381894887
22.9906,0.09336615875357229,1.0821198529834848,0.5048422649401062,1,0.4817,0.09279043888333674,1.0851628059182155,0.5050605963445778
23.0595,0.08901790772274673,1.0870084080762417,0.5050969856429057,1,0.528,0.09225720280109047,1.0854236763052947,0.5050657398638888
23.125,0.09197601414993543,1.0866896057690052,0.504266877157518,1,0.243,0.09212913274180257,1.0860002559816284,0.5047018902072702
23.198,0.09240780940745962,1.0877669210478214,0.5036378564954515,1,0.2707,0.09222245970098296,1.0865919003452829,0.5043455524042635
23.2584,0.0928138736066808,1.086646495412872,0.5040171307624853,1,0.1971,0.092500811322137,1.08661759575999,0.5041909792778451
23.3278,0.09277285574343519,1.083477221145582,0.5043763413739974,1,0.374,0.09254657508629227,1.0860893167292083,0.5042221611973682
23.3919,0.09422549268637292,1.081519647253689,0.5046969533850814,1,0.498,0.09274650735707027,1.0855451420806719,0.5042787013636233
23.4647,0.09332598342218515,1.0836256230522834,0.5041524476645307,1,0.5387,0.09281598124533236,1.0853150092787782,0.5042635646980879
23.5269,0.0949201225579031,1.084641689140985,0.5037414237598175,1,0.3624,0.09335108120443494,1.085143778584317,0.5041307800827937
23.5976,0.09109644106496127,1.0836703841464521,0.5052783177033578,1,0.4403,0.09293867375737719,1.084874272676039,0.5043406818991474
23.662,0.0965616503939284,1.0846404807697863,0.5034033708617424,1,0.3456,0.09393758954345446,1.0848098123029146,0.5040822494316889
23.7293,0.09145317655636928,1.0898310315177975,0.503858262688834,1,0.2762,0.09304293256900087,1.0866179934765792,0.5040015900152707
23.7943,0.08956629336741014,1.0936908594855321,0.5027419876340019,1,0.3546,0.09224466120493005,1.088241994723034,0.5037123726266437
23.8672,0.09006994673000401,1.0886408826251852,0.5045990346355653,1,0.3938,0.09180879651956454,1.0883219413790073,0.5038900808554709
23.9285,0.09180716422254111,1.091799615817627,0.5037389884071338,1,0.3526,0.09180839115180965,1.0891855936795223,0.5038525582687826
23.9966,0.09237216140539044,1.0884992949357684,0.5039713348284725,1,0.2555,0.09202551630083634,1.0889212790654257,0.5038983027507941
24.0634,0.09240627674635003,1.0886500327682254,0.5036210723972313,1,0.3155,0.09212485462658673,1.088850512384308,0.5038259748619742
24.1339,0.09267909022887535,1.0838797176605568,0.5059761332542815,1,0.3742,0.09223814447536015,1.0878344452456903,0.5042654831109887
24.1965,0.09192204706991072,1.0842762428310095,0.5059173754758157,1,0.378,0.09217090488894966,1.0870775517862588,0.5046168702387878
24.2666,0.09351803696904373,1.0856693222113571,0.5053003696332203,1,0.5635,0.09232298137063377,1.0869185780654789,0.5046940298467241
24.3334,0.09479891148067188,1.0824869895228024,0.505995217665341,1,0.3932,0.09288920995043838,1.0859051035426623,0.5049916027578525
24.3988,0.08920721653466088,1.0873364351110228,0.5066707622282444,1,0.6147,0.09249462973206102,1.0860584919546008,0.5051715496061219
24.4662,0.09126841181878001,1.085328426966621,0.5082566932833793,1,0.7602,0.0923961010300518,1.0859998299868796,0.5054194461657299
24.5332,0.11530571204799848,1.0625664475352088,0.5113371285352492,1,0.662,0.09500957309921199,1.083326607360995,0.5060945208134305
24.6029,0.13350044818368395,1.0726474258967391,0.5064887443732073,1,0.5628,0.10113964564819178,1.0816258365420428,0.5061573050192104
24.6674,0.13956125688776605,1.0720617420968854,0.5030742701007228,1,0.9569,0.10351902668202012,1.081033549436053,0.5059663782315247
24.734,0.1339557041527277,1.0875271313790333,0.4998251861572723,1,0.8645,0.10601290834823018,1.0815656122727808,0.5054631890664987
24.8001,0.12825095350948854,1.0885060084892555,0.5025887901190896,1,0.9071,0.10778487476741583,1.0821186352090262,0.5052341519198782
24.8677,0.13804782437119723,1.0699900947678023,0.5047027722407004,1,0.8041,0.11095124481062307,1.0808496430049048,0.5051785544080776
26.2062,0.1343786339392683,1.0610474830077052,0.5136451103820339,1,0.749,0.1137998133001904,1.0784418711151886,0.506208014602303
26.2734,0.13527368500689485,1.0608915481726093,0.5130372934216372,1,0.7892,0.11619527378611087,1.0764840916472707,0.5069698365868286
26.3406,0.13390718086445325,1.0650384700350226,0.5120927929435766,1,0.8,0.11815199365882639,1.075219638578202,0.5075357943047618
26.4065,0.13216681185354884,1.066662251860902,0.5118537449677478,1,0.7797,0.11979430273047413,1.0742168518391837,0.5080417879927441
26.4737,0.13532346938689074,1.0688263842086343,0.5084299867736334,1,0.7125,0.12193662286255427,1.0734732119786712,0.5080953418042234
26.542,0.13272160265721408,1.0656152042883247,0.509063623813299,1,0.677,0.1235399292218425,1.0723050323491177,0.5082392876188928
26.6085,0.12821668833877778,1.0570916202123466,0.5138277878851131,1,0.948,0.12391404833410405,1.0710880296981862,0.5086863418088127
26.675,0.12620071608927277,1.0659872112809388,0.5127512219599801,1,0.7553,0.12420105796293143,1.070447803763596,0.5091965426199175
26.7401,0.12984995260821605,1.068732136302893,0.510373979612596,1,0.8327,0.12479590866392914,1.0702671372693944,0.5093205313406242
26.8084,0.1298278281912749,1.069609246025696,0.5105503866917899,1,0.665,0.12559117892374205,1.0701631607774291,0.5095149039611199
26.8756,0.12612769452911762,1.0694308471173797,0.511927775075698,1,0.6928,0.1256677412845459,1.0700586574561828,0.5098592277925174
26.9405,0.1281800543976758,1.0649898172628287,0.5111934071249282,1,0.6756,0.12603640489331963,1.0693148421617382,0.5100550088696718
27.0094,0.13064542357459918,1.0652285375264874,0.5095921484450748,1,0.8054,0.1265252915617514,1.0688814006859118,0.5100059124553202
27.0765,0.13136679601721163,1.071816932631771,0.5074956833495977,1,0.8622,0.1269893768866153,1.0691627878681969,0.5097652929328703
27.1442,0.1283143808433944,1.0770848182449264,0.5076409065790575,1,0.8633,0.12711964677367696,1.0699416549781369,0.5095564304845956
27.2129,0.12868365258891584,1.0705189029254525,0.5084053956488574,1,0.847,0.1272823109919346,1.070001691574661,0.5094367172585204
27.2766,0.12823894760793764,1.074062735376091,0.5072376581454573,1,0.6141,0.12745759871569173,1.0707458102003988,0.5090337763090648
27.3415,0.12393069248576788,1.0659829103722551,0.5097770243322304,1,0.7691,0.12704160092260416,1.0701840272416134,0.5091214422454966
27.4109,0.12544348328668153,1.076783695841807,0.5063640764343165,1,0.7604,0.12684784045279032,1.0709841904209974,0.5087871311265817
27.4776,0.12613568757206725,1.0780899282190044,0.5064315374623739,1,0.7846,0.12676583602545075,1.0718024163591684,0.5085158844396597
27.5478,0.12656869910401222,1.075801755781579,0.5072579465265967,1,0.7358,0.1267402132636236,1.07232222827841,0.5083523846583679
27.6116,0.12912446059270882,1.0736919269986456,0.5067627142323731,1,0.7012,0.12707519963923022,1.0725146707336735,0.5081290362129625
27.6796,0.13199535279639865,1.0705541291033303,0.5063921388331096,1,0.6638,0.12782389089748877,1.0722163384799404,0.50786473552084
27.7465,0.12668808115112545,1.0774546024010483,0.506307261633885,1,0.7574,0.12768942183982268,1.0728364990442718,0.5076803454444306
27.8125,0.12868513054865108,1.0752861552916535,0.5059127467466389,1,0.706,0.1278240395696226,1.0731676874328928,0.5074413698064913
27.8802,0.13003757695622958,1.0733009925124797,0.5066911672024758,1,0.7054,0.12812194603949428,1.0731856281489232,0.5073404046225269
27.9493,0.1289790551698919,1.0714266726488013,0.5062796054666105,1,0.8732,0.12820054112528592,1.073024335667566,0.5072431315942625
28.0171,0.12645149441721867,1.0821236523478142,0.5048611590663544,1,0.7177,0.12796565960573536,1.07424629350258,0.5069232537291933
28.0798,0.12758508354911652,1.0754142977820051,0.5065332670536707,1,0.6614,0.12790733764713252,1.0744252861009,0.5068634896259349
28.1491,0.1280963181517669,1.0750324360956005,0.5061395983245315,1,0.8116,0.12792712596415654,1.0744888613178225,0.5067876903227696
28.2134,0.12879591903219612,1.0772732209833962,0.5050670710965,1,0.6624,0.12805964919519097,1.0749135796458318,0.5065252319450114
28.2853,0.12810176255389982,1.0806604807003215,0.5038441637937839,1,0.666,0.1280658734543539,1.0757629586230388,0.5061289761364426
28.347,0.12922824747990141,1.0768913765521886,0.504208984942187,1,0.5845,0.12827639087714576,1.0759673262612135,0.5057812467575042
28.4181,0.12880712908672645,1.0800227463775685,0.5030090424972826,1,0.7769,0.12833286600839036,1.0763988580017,0.5054862602714991
28.483,0.1270266934419124,1.0792895468327972,0.5042530337127658,1,0.7669,0.1281864915829823,1.0767227990547772,0.5053480604397423
28.5524,0.1254022810682342,1.0782880027842028,0.5055516601648212,1,0.5705,0.127659895236705,1.077018836499047,0.5053865686167504
28.6168,0.12748836451585968,1.0805632534582164,0.5039616511905736,1,0.6408,0.12763443983574227,1.0775448329761221,0.5051751088604841
28.6842,0.12667454357299202,1.0833429056465196,0.502205532066637,1,0.4516,0.12738671522092979,1.079041166876635,0.5044087372264242
28.7532,0.12169376044044869,1.0847218657780662,0.5035855227005192,1,0.6217,0.12659291100876532,1.0798332621751003,0.5042939512877727
28.8196,0.12357355033525684,1.0798798647357901,0.5053194126718075,1,0.6044,0.12614339662949386,1.0798402002402758,0.5044466192487604
28.8816,0.1255220423685347,1.0796681022458285,0.5049453815963423,1,0.6496,0.12606114815438005,1.0798174196809351,0.5045126402694733
28.949,0.12382820303734746,1.0814444591669887,0.5053807308485675,1,0.6411,0.12575279254123053,1.0800421035544945,0.5046325180939412
29.0203,0.12371444205367726,1.0779868667590953,0.5056362331849676,1,0.6142,0.12544631588266267,1.0797330879512084,0.5047834319083859
29.0812,0.12400058391022287,1.0822874881687157,0.5036327082358697,1,0.6601,0.12525429973692523,1.0800723528314122,0.5046305975458502
29.1529,0.12016472401048808,1.0827436055990525,0.5052843929476718,1,0.7676,0.1247286747709317,1.0803482259533814,0.5046981181417348
29.221,0.1201543257526379,1.0824219177568546,0.5058925297336976,1,0.6707,0.12410613612408236,1.080630441692529,0.504860669659616
29.2851,0.11913882898210722,1.080554027201883,0.5063216828767644,1,0.6939,0.12346616192676158,1.0806205966596134,0.5050489025862692
29.3552,0.1205430061060101,1.0812751266576193,0.5054633033589209,1,0.5522,0.12290755720462833,1.0807456750235749,0.5051280931059178
29.4182,0.12014324898920144,1.0853090407248718,0.5038973376962659,1,0.6579,0.1225308987110228,1.0813674690917,0.5049603931092208
29.4889,0.12045422866375032,1.0848497366909589,0.5037443949460768,1,0.6542,0.12224270604264321,1.081850725443743,0.5047916413347916
29.5531,0.11808831952781487,1.08365993953721,0.5055416045729333,1,0.5557,0.12148040664582313,1.0821827029348228,0.5049292540778602
29.6197,0.12204626544091655,1.0802495072894112,0.5046686868017298,1,0.8907,0.12152427051539771,1.0820328467473996,0.5049090555952799
29.6901,0.1153944805430353,1.0821999760386902,0.5066662508933978,1,0.6691,0.120680056458858,1.0820558643218359,0.5051510620877445
29.7531,0.12150792377253217,1.0766320868906787,0.5065973055285623,1,0.5495,0.12083884363375089,1.0810155692391383,0.5054284554651393
29.8233,0.11915497842542486,1.0779005851260832,0.5068337478174791,1,0.6561,0.12060938990906925,1.0805911025398263,0.5056199491565088
29.8893,0.11665202423437535,1.0821211072434964,0.5064255316147543,1,0.6693,0.1200834336214746,1.0807944488211898,0.5057270156229209
29.9541,0.11898582217971856,1.0792138670688334,0.5063369266160994,1,0.7329,0.11995765365478792,1.0806133232310275,0.5057969079194891
